vessel_id,baltic_index,week,index,# calibrated to Baltic 2026-09-29
HANDY,BHSI,0,1.0,
HANDY,BHSI,1,1.003,
HANDY,BHSI,2,1.04,
HANDY,BHSI,3,1.006,
HANDY,BHSI,4,1.035,
HANDY,BHSI,5,1.022,
HANDY,BHSI,6,1.011,
HANDY,BHSI,7,1.066,
HANDY,BHSI,8,1.061,
HANDY,BHSI,9,1.05,
HANDY,BHSI,10,1.065,
HANDY,BHSI,11,1.089,
SUPRA,BSI,0,1.0,
SUPRA,BSI,1,1.022,
SUPRA,BSI,2,0.982,
SUPRA,BSI,3,0.971,
SUPRA,BSI,4,0.958,
SUPRA,BSI,5,0.914,
SUPRA,BSI,6,0.87,
SUPRA,BSI,7,0.827,
SUPRA,BSI,8,0.844,
SUPRA,BSI,9,0.861,
SUPRA,BSI,10,0.87,
SUPRA,BSI,11,0.892,
PANA,BPI,0,1.0,
PANA,BPI,1,0.996,
PANA,BPI,2,1.008,
PANA,BPI,3,1.04,
PANA,BPI,4,0.996,
PANA,BPI,5,0.979,
PANA,BPI,6,0.891,
PANA,BPI,7,0.885,
PANA,BPI,8,0.803,
PANA,BPI,9,0.769,
PANA,BPI,10,0.853,
PANA,BPI,11,0.776,
CAPE,BCI,0,1.0,
CAPE,BCI,1,1.025,
CAPE,BCI,2,0.997,
CAPE,BCI,3,1.032,
CAPE,BCI,4,1.067,
CAPE,BCI,5,1.135,
CAPE,BCI,6,1.098,
CAPE,BCI,7,1.039,
CAPE,BCI,8,0.988,
CAPE,BCI,9,0.915,
CAPE,BCI,10,0.925,
CAPE,BCI,11,0.877,
